Symbol,Security,GICS Sector,hq,included,Founded
MMM,3M,Industrials,"Saint Paul, Minnesota",09.08.1976,1902
AOS,A. O. Smith,Industrials,"Milwaukee, Wisconsin",26.07.2017,1916
ABT,Abbott,Health Care,"North Chicago, Illinois",31.03.1964,1888
ABBV,AbbVie,Health Care,"North Chicago, Illinois",31.12.2012,2013 (1888)
ABMD,Abiomed,Health Care,"Danvers, Massachusetts",31.05.2018,1981
ACN,Accenture,Information Technology,"Dublin, Ireland",06.07.2011,1989
ATVI,Activision Blizzard,Communication Services,"Santa Monica, California",31.08.2015,2008
ADM,ADM,Consumer Staples,"Chicago, Illinois",29.07.1981,1902
ADBE,Adobe Inc.,Information Technology,"San Jose, California",05.05.1997,1982
ADP,ADP,Information Technology,"Roseland, New Jersey",31.03.1981,1949
AAP,Advance Auto Parts,Consumer Discretionary,"Raleigh, North Carolina",09.07.2015,1932
AES,AES Corporation,Utilities,"Arlington, Virginia",02.10.1998,1981
AFL,Aflac,Financials,"Columbus, Georgia",28.05.1999,1955
A,Agilent Technologies,Health Care,"Santa Clara, California",05.06.2000,1999
APD,Air Products and Chemicals,Materials,"Allentown, Pennsylvania",30.04.1985,1940
AKAM,Akamai,Information Technology,"Cambridge, Massachusetts",12.07.2007,1998
ALK,Alaska Air Group,Industrials,"SeaTac, Washington",13.05.2016,1985
ALB,Albemarle Corporation,Materials,"Charlotte, North Carolina",01.07.2016,1994
ARE,Alexandria Real Estate Equities,Real Estate,"Pasadena, California",20.03.2017,1994
ALGN,Align Technology,Health Care,"Tempe, Arizona",19.06.2017,1997
ALLE,Allegion,Industrials,"New York City, New York",02.12.2013,1908
LNT,Alliant Energy,Utilities,"Madison, Wisconsin",01.07.2016,1917
ALL,Allstate,Financials,"Northfield Township, Illinois",13.07.1995,1931
GOOGL,Alphabet Inc. (Class A),Communication Services,"Mountain View, California",03.04.2014,1998
GOOG,Alphabet Inc. (Class C),Communication Services,"Mountain View, California",03.04.2006,1998
MO,Altria,Consumer Staples,"Richmond, Virginia",04.03.1957,1985
AMZN,Amazon,Consumer Discretionary,"Seattle, Washington",18.11.2005,1994
AMCR,Amcor,Materials,"Warmley, Bristol, United Kingdom",07.06.2019,2019 (1860)
AMD,AMD,Information Technology,"Santa Clara, California",,1969
AEE,Ameren,Utilities,"St. Louis, Missouri",19.09.1991,1902
AAL,American Airlines Group,Industrials,"Fort Worth, Texas",23.03.2015,1934
AEP,American Electric Power,Utilities,"Columbus, Ohio",04.03.1957,1906
AXP,American Express,Financials,"New York City, New York",30.06.1976,1850
AIG,American International Group,Financials,"New York City, New York",31.03.1980,1919
AMT,American Tower,Real Estate,"Boston, Massachusetts",19.11.2007,1995
AWK,American Water Works,Utilities,"Camden, New Jersey",04.03.2016,1886
AMP,Ameriprise Financial,Financials,"Minneapolis, Minnesota",03.10.2005,1894
ABC,AmerisourceBergen,Health Care,"Conshohocken, Pennsylvania",30.08.2001,1985
AME,Ametek,Industrials,"Berwyn, Pennsylvania",23.09.2013,1930
AMGN,Amgen,Health Care,"Thousand Oaks, California",02.01.1992,1980
APH,Amphenol,Information Technology,"Wallingford, Connecticut",30.09.2008,1932
ADI,Analog Devices,Information Technology,"Wilmington, Massachusetts",12.10.1999,1965
ANSS,Ansys,Information Technology,"Canonsburg, Pennsylvania",19.06.2017,1969
AON,Aon,Financials,"London, UK",23.04.1996,1982 (1919)
APA,APA Corporation,Energy,"Houston, Texas",28.07.1997,1954
AAPL,Apple Inc.,Information Technology,"Cupertino, California",30.11.1982,1977
AMAT,Applied Materials,Information Technology,"Santa Clara, California",16.03.1995,1967
APTV,Aptiv,Consumer Discretionary,"Dublin, Ireland",24.12.2012,1994
ACGL,Arch Capital Group,Financials,"Hamilton, Bermuda",01.11.2022,1995
ANET,Arista Networks,Information Technology,"Santa Clara, California",28.08.2018,2004
AJG,Arthur J. Gallagher & Co.,Financials,"Rolling Meadows, Illinois",31.05.2016,1927
AIZ,Assurant,Financials,"New York City, New York",10.04.2007,1892
T,AT&T,Communication Services,"Dallas, Texas",1983-11-30 (1957-03-04),1983 (1885)
ATO,Atmos Energy,Utilities,"Dallas, Texas",15.02.2019,1906
ADSK,Autodesk,Information Technology,"San Francisco, California",01.12.1989,1982
AZO,AutoZone,Consumer Discretionary,"Memphis, Tennessee",02.01.1997,1979
AVB,AvalonBay Communities,Real Estate,"Arlington, Virginia",10.01.2007,1978
AVY,Avery Dennison,Materials,"Glendale, California",31.12.1987,1990
BKR,Baker Hughes,Energy,"Houston, Texas",07.07.2017,2017
BALL,Ball Corporation,Materials,"Broomfield, Colorado",31.10.1984,1880
BAC,Bank of America,Financials,"Charlotte, North Carolina",30.06.1976,1998 (1923 / 1874)
BBWI,"Bath & Body Works, Inc.",Consumer Discretionary,"Columbus, Ohio",30.09.1983,1963
BAX,Baxter International,Health Care,"Deerfield, Illinois",30.09.1972,1931
BDX,Becton Dickinson,Health Care,"Franklin Lakes, New Jersey",30.09.1972,1897
WRB,Berkley,Financials,"Greenwich, Connecticut",05.12.2019,1967
BRK.B,Berkshire Hathaway,Financials,"Omaha, Nebraska",16.02.2010,1839
BBY,Best Buy,Consumer Discretionary,"Richfield, Minnesota",29.06.1999,1966
BIO,Bio-Rad,Health Care,"Hercules, California",22.06.2020,1952
TECH,Bio-Techne,Health Care,"Minneapolis, Minnesota",30.08.2021,1976
BIIB,Biogen,Health Care,"Cambridge, Massachusetts",13.11.2003,1978
BLK,BlackRock,Financials,"New York City, New York",04.04.2011,1988
BK,BNY Mellon,Financials,"New York City, New York",31.03.1995,1784
BA,Boeing,Industrials,"Chicago, Illinois",04.03.1957,1916
BKNG,Booking Holdings,Consumer Discretionary,"Norwalk, Connecticut",06.11.2009,1996
BWA,BorgWarner,Consumer Discretionary,"Auburn Hills, Michigan",19.12.2011,1880
BXP,Boston Properties,Real Estate,"Boston, Massachusetts",03.04.2006,1970
BSX,Boston Scientific,Health Care,"Marlborough, Massachusetts",24.02.1995,1979
BMY,Bristol Myers Squibb,Health Care,"New York City, New York",04.03.1957,1989
AVGO,Broadcom Inc.,Information Technology,"San Jose, California",08.05.2014,1961
BR,Broadridge Financial Solutions,Information Technology,"Lake Success, New York",18.06.2018,1962
BRO,Brown & Brown,Financials,"Daytona Beach, Florida",20.09.2021,1939
BF.B,Brown–Forman,Consumer Staples,"Louisville, Kentucky",31.10.1982,1870
CHRW,C.H. Robinson,Industrials,"Eden Prairie, Minnesota",02.03.2007,1905
CDNS,Cadence Design Systems,Information Technology,"San Jose, California",18.09.2017,1988
CZR,Caesars Entertainment,Consumer Discretionary,"Reno, Nevada",22.03.2021,1973
CPT,Camden Property Trust,Real Estate,"Houston, Texas",04.04.2022,1981
CPB,Campbell Soup Company,Consumer Staples,"Camden, New Jersey",04.03.1957,1869
COF,Capital One,Financials,"Tysons Corner, Virginia",01.07.1998,1994
CAH,Cardinal Health,Health Care,"Dublin, Ohio",27.05.1997,1971
KMX,CarMax,Consumer Discretionary,"Richmond, Virginia",28.06.2010,1993
CCL,Carnival,Consumer Discretionary,"Miami, Florida",22.12.1998,1972
CARR,Carrier Global,Industrials,"Palm Beach Gardens, Florida",03.04.2020,2020 (1915)
CTLT,Catalent,Health Care,"Somerset, New Jersey",21.09.2020,2007
CAT,Caterpillar Inc.,Industrials,"Irving, Texas",04.03.1957,1925
CBOE,Cboe Global Markets,Financials,"Chicago, Illinois",01.03.2017,1973
CBRE,CBRE Group,Real Estate,"Dallas, Texas",10.11.2006,1906
CDW,CDW,Information Technology,"Lincolnshire, Illinois",23.09.2019,1984
CE,Celanese,Materials,"Irving, Texas",24.12.2018,1918
CNC,Centene Corporation,Health Care,"St. Louis, Missouri",30.03.2016,1984
CNP,CenterPoint Energy,Utilities,"Houston, Texas",31.07.1985,1882
CDAY,Ceridian,Information Technology,"Minneapolis, Minnesota",20.09.2021,1992
CF,CF Industries,Materials,"Deerfield, Illinois",27.08.2008,1946
CRL,Charles River Laboratories,Health Care,"Wilmington, Massachusetts",14.05.2021,1947
SCHW,Charles Schwab Corporation,Financials,"Westlake, Texas",02.06.1997,1971
CHTR,Charter Communications,Communication Services,"Stamford, Connecticut",08.09.2016,1993
CVX,Chevron Corporation,Energy,"San Ramon, California",04.03.1957,1879
CMG,Chipotle Mexican Grill,Consumer Discretionary,"Newport Beach, California",28.04.2011,1993
CB,Chubb Limited,Financials,"Zurich, Switzerland",15.07.2010,1985
CHD,Church & Dwight,Consumer Staples,"Ewing, New Jersey",29.12.2015,1847
CI,Cigna,Health Care,"Bloomfield, Connecticut",30.06.1976,1982
CINF,Cincinnati Financial,Financials,"Fairfield, Ohio",18.12.1997,1950
CTAS,Cintas,Industrials,"Mason, Ohio",01.03.2001,1929
CSCO,Cisco,Information Technology,"San Jose, California",01.12.1993,1984
C,Citigroup,Financials,"New York City, New York",31.05.1988,1998
CFG,Citizens Financial Group,Financials,"Providence, Rhode Island",29.01.2016,1828
CLX,Clorox,Consumer Staples,"Oakland, California",31.03.1969,1913
CME,CME Group,Financials,"Chicago, Illinois",11.08.2006,1848
CMS,CMS Energy,Utilities,"Jackson, Michigan",03.05.1999,1886
KO,The Coca-Cola Company,Consumer Staples,"Atlanta, Georgia",04.03.1957,1886
CTSH,Cognizant,Information Technology,"Teaneck, New Jersey",17.11.2006,1994
CL,Colgate-Palmolive,Consumer Staples,"New York City, New York",04.03.1957,1806
CMCSA,Comcast,Communication Services,"Philadelphia, Pennsylvania",19.11.2002,1963
CMA,Comerica,Financials,"Dallas, Texas",01.12.1995,1849
CAG,Conagra Brands,Consumer Staples,"Chicago, Illinois",31.08.1983,1919
COP,ConocoPhillips,Energy,"Houston, Texas",04.03.1957,2002
ED,Consolidated Edison,Utilities,"New York City, New York",,1823
STZ,Constellation Brands,Consumer Staples,"Victor, New York",01.07.2005,1945
CEG,Constellation Energy,Utilities,"Baltimore, Maryland",02.02.2022,1999
COO,CooperCompanies,Health Care,"San Ramon, California",23.09.2016,1958
CPRT,Copart,Industrials,"Dallas, Texas",02.07.2018,1982
GLW,Corning Inc.,Information Technology,"Corning, New York",,1851
CTVA,Corteva,Materials,"Indianapolis, Indiana",03.06.2019,2019
CSGP,CoStar Group,Industrials,"Washington, D.C.",19.09.2022,1987
COST,Costco,Consumer Staples,"Issaquah, Washington",01.10.1993,1976
CTRA,Coterra,Energy,"Houston, Texas",23.06.2008,2021 (1989)
CCI,Crown Castle,Real Estate,"Houston, Texas",14.03.2012,1994
CSX,CSX,Industrials,"Jacksonville, Florida",30.09.1967,1980
CMI,Cummins,Industrials,"Columbus, Indiana",31.03.1965,1919
CVS,CVS Health,Health Care,"Woonsocket, Rhode Island",04.03.1957,1996
DHI,D.R. Horton,Consumer Discretionary,"Arlington, Texas",22.06.2005,1978
DHR,Danaher Corporation,Health Care,"Washington, D.C.",,1969
DRI,Darden Restaurants,Consumer Discretionary,"Orlando, Florida",,1938
DVA,DaVita Inc.,Health Care,"Denver, Colorado",31.07.2008,1979
DE,John Deere,Industrials,"Moline, Illinois",04.03.1957,1837
DAL,Delta Air Lines,Industrials,"Atlanta, Georgia",11.09.2013,1929
XRAY,Dentsply Sirona,Health Care,"Charlotte, North Carolina",14.11.2008,2016 (1969)
DVN,Devon Energy,Energy,"Oklahoma City, Oklahoma",30.08.2000,1971
DXCM,Dexcom,Health Care,"San Diego, California",12.05.2020,1999
FANG,Diamondback Energy,Energy,"Midland, Texas",03.12.2018,2007
DLR,Digital Realty,Real Estate,"Austin, Texas",18.05.2016,2004
DFS,Discover Financial,Financials,"Riverwoods, Illinois",02.07.2007,1985
DISH,Dish Network,Communication Services,"Meridian, Colorado",13.03.2017,1980
DIS,Disney,Communication Services,"Burbank, California",30.06.1976,1923
DG,Dollar General,Consumer Discretionary,"Goodlettsville, Tennessee",03.12.2012,1939
DLTR,Dollar Tree,Consumer Discretionary,"Chesapeake, Virginia",19.12.2011,1986
D,Dominion Energy,Utilities,"Richmond, Virginia",,1983
DPZ,Domino's,Consumer Discretionary,"Ann Arbor, Michigan",12.05.2020,1960
DOV,Dover Corporation,Industrials,"Downers Grove, Illinois",31.10.1985,1955
DOW,Dow Inc.,Materials,"Midland, Michigan",01.04.2019,2019
DTE,DTE Energy,Utilities,"Detroit, Michigan",04.03.1957,1995
DUK,Duke Energy,Utilities,"Charlotte, North Carolina",30.06.1976,1904
DD,DuPont,Materials,"Wilmington, Delaware",02.04.2019,2017
DXC,DXC Technology,Information Technology,"Tysons Corner, Virginia",04.04.2017,2017
EMN,Eastman Chemical Company,Materials,"Kingsport, Tennessee",01.01.1994,1920
ETN,Eaton Corporation,Industrials,"Dublin, Ireland",,1911
EBAY,eBay,Consumer Discretionary,"San Jose, California",22.07.2002,1995
ECL,Ecolab,Materials,"Saint Paul, Minnesota",31.01.1989,1923
EIX,Edison International,Utilities,"Rosemead, California",04.03.1957,1886
EW,Edwards Lifesciences,Health Care,"Irvine, California",01.04.2011,1958
EA,Electronic Arts,Communication Services,"Redwood City, California",22.07.2002,1982
ELV,Elevance Health,Health Care,"Indianapolis, Indiana",25.07.2002,2014 (1946)
LLY,Eli Lilly and Company,Health Care,"Indianapolis, Indiana",31.12.1970,1876
EMR,Emerson Electric,Industrials,"Ferguson, Missouri",31.03.1965,1890
ENPH,Enphase,Information Technology,"Fremont, California",07.01.2021,2006
ETR,Entergy,Utilities,"New Orleans, Louisiana",04.03.1957,1913
EOG,EOG Resources,Energy,"Houston, Texas",02.11.2000,1999
EPAM,EPAM Systems,Information Technology,"Newtown, Pennsylvania",14.12.2021,1993
EQT,EQT,Energy,"Pittsburgh, Pennsylvania",03.10.2022,1888
EFX,Equifax,Industrials,"Atlanta, Georgia",19.06.1997,1899
EQIX,Equinix,Real Estate,"Redwood City, California",20.03.2015,1998
EQR,Equity Residential,Real Estate,"Chicago, Illinois",03.12.2001,1969
ESS,Essex Property Trust,Real Estate,"San Mateo, California",02.04.2014,1971
EL,The Estée Lauder Companies,Consumer Staples,"New York City, New York",05.01.2006,1946
ETSY,Etsy,Consumer Discretionary,"New York City, New York",21.09.2020,2005
RE,Everest Re,Financials,"Hamilton, Bermuda",19.06.2017,1973
EVRG,Evergy,Utilities,"Kansas City, Missouri",05.06.2018,1909
ES,Eversource,Utilities,"Hartford, Connecticut",2009,1966
EXC,Exelon,Utilities,"Chicago, Illinois",04.03.1957,2000
EXPE,Expedia Group,Consumer Discretionary,"Seattle, Washington",02.10.2007,1996
EXPD,Expeditors International,Industrials,"Seattle, Washington",10.10.2007,1979
EXR,Extra Space Storage,Real Estate,"Salt Lake City, Utah",19.01.2016,1977
XOM,ExxonMobil,Energy,"Irving, Texas",04.03.1957,1999
FFIV,"F5, Inc.",Information Technology,"Seattle, Washington",20.12.2010,1996
FDS,FactSet,Financials,"Norwalk, Connecticut",20.12.2021,1978
FAST,Fastenal,Industrials,"Winona, Minnesota",15.09.2008,1967
FRT,Federal Realty,Real Estate,"Rockville, Maryland",01.02.2016,1962
FDX,FedEx,Industrials,"Memphis, Tennessee",31.12.1980,1971
FITB,Fifth Third Bank,Financials,"Cincinnati, Ohio",,1858
FRC,First Republic Bank,Financials,"San Francisco, California",02.01.2019,1985
FE,FirstEnergy,Utilities,"Akron, Ohio",,1997
FIS,FIS,Information Technology,"Jacksonville, Florida",10.11.2006,1968
FISV,Fiserv,Information Technology,"Brookfield, Wisconsin",02.04.2001,1984
FLT,Fleetcor,Information Technology,"Atlanta, Georgia",20.06.2018,2000
FMC,FMC Corporation,Materials,"Philadelphia, Pennsylvania",19.08.2009,1883
F,Ford Motor Company,Consumer Discretionary,"Dearborn, Michigan",04.03.1957,1903
FTNT,Fortinet,Information Technology,"Sunnyvale, California",11.10.2018,2000
FTV,Fortive,Industrials,"Everett, Washington",01.07.2016,2016
FBHS,Fortune Brands Home & Security,Industrials,"Deerfield, Illinois",22.06.2016,2011 (1969)
FOXA,Fox Corporation (Class A),Communication Services,"New York City, New York",01.07.2013,2019
FOX,Fox Corporation (Class B),Communication Services,"New York City, New York",18.09.2015,2019
BEN,Franklin Templeton,Financials,"San Mateo, California",,1947
FCX,Freeport-McMoRan,Materials,"Phoenix, Arizona",,1912
GRMN,Garmin,Consumer Discretionary,"Schaffhausen, Switzerland",12.12.2012,1989
IT,Gartner,Information Technology,"Stamford, Connecticut",05.04.2017,1979
GEN,Gen Digital Inc.,Information Technology,"Tempe, Arizona",25.03.2003,1982
GNRC,Generac,Industrials,"Waukesha, Wisconsin",22.03.2021,1959
GD,General Dynamics,Industrials,"Falls Church, Virginia",04.03.1957,1899
GE,General Electric,Industrials,"Boston, Massachusetts",,1892
GIS,General Mills,Consumer Staples,"Golden Valley, Minnesota",31.03.1969,1856
GM,General Motors,Consumer Discretionary,"Detroit, Michigan",06.06.2013,1908
GPC,Genuine Parts Company,Consumer Discretionary,"Atlanta, Georgia",31.12.1973,1925
GILD,Gilead Sciences,Health Care,"Foster City, California",01.07.2004,1987
GL,Globe Life,Financials,"McKinney, Texas",30.04.1989,1900
GPN,Global Payments,Information Technology,"Atlanta, Georgia",25.04.2016,2000
GS,Goldman Sachs,Financials,"New York City, New York",22.07.2002,1869
HAL,Halliburton,Energy,"Houston, Texas",04.03.1957,1919
HIG,Hartford (The),Financials,"Hartford, Connecticut",04.03.1957,1810
HAS,Hasbro,Consumer Discretionary,"Pawtucket, Rhode Island",30.09.1984,1923
HCA,HCA Healthcare,Health Care,"Nashville, Tennessee",27.01.2015,1968
PEAK,Healthpeak,Real Estate,"Long Beach, California",31.03.2008,1985
HSIC,Henry Schein,Health Care,"Melville, New York",17.03.2015,1932
HSY,Hershey's,Consumer Staples,"Hershey, Pennsylvania",04.03.1957,1894
HES,Hess Corporation,Energy,"New York City, New York",31.05.1984,1919
HPE,Hewlett Packard Enterprise,Information Technology,"Houston, Texas",02.11.2015,2015
HLT,Hilton Worldwide,Consumer Discretionary,"Tysons Corner, Virginia",19.06.2017,1919
HOLX,Hologic,Health Care,"Marlborough, Massachusetts",30.03.2016,1985
HD,The Home Depot,Consumer Discretionary,"Atlanta, Georgia",31.03.1988,1978
HON,Honeywell,Industrials,"Charlotte, North Carolina",31.03.1964,1906
HRL,Hormel Foods,Consumer Staples,"Austin, Minnesota",04.03.2009,1891
HST,Host Hotels & Resorts,Real Estate,"Bethesda, Maryland",20.03.2007,1993
HWM,Howmet Aerospace,Industrials,"Pittsburgh, Pennsylvania",31.03.1964,2016
HPQ,HP Inc.,Information Technology,"Palo Alto, California",31.12.1974,1939 (2015)
HUM,Humana,Health Care,"Louisville, Kentucky",,1961
HBAN,Huntington Bancshares,Financials,"Columbus, Ohio; Detroit, Michigan",,1866
HII,Huntington Ingalls Industries,Industrials,"Newport News, Virginia",03.01.2018,2011
IBM,IBM,Information Technology,"Armonk, New York",04.03.1957,1911
IEX,IDEX Corporation,Industrials,"Lake Forest, Illinois",09.08.2019,1988
IDXX,Idexx Laboratories,Health Care,"Westbrook, Maine",05.01.2017,1983
ITW,Illinois Tool Works,Industrials,"Glenview, Illinois",28.02.1986,1912
ILMN,Illumina,Health Care,"San Diego, California",19.11.2015,1998
INCY,Incyte,Health Care,"Wilmington, Delaware",28.02.2017,1991
IR,Ingersoll Rand,Industrials,"Davidson, North Carolina",03.03.2020,1859
INTC,Intel,Information Technology,"Santa Clara, California",31.12.1976,1968
ICE,Intercontinental Exchange,Financials,"Atlanta, Georgia",26.09.2007,2000
IP,International Paper,Materials,"Memphis, Tennessee",04.03.1957,1898
IPG,The Interpublic Group of Companies,Communication Services,"New York City, New York",01.10.1992,1961 (1930)
IFF,International Flavors & Fragrances,Materials,"New York City, New York",31.03.1976,1958 (1889)
INTU,Intuit,Information Technology,"Mountain View, California",05.12.2000,1983
ISRG,Intuitive Surgical,Health Care,"Sunnyvale, California",02.06.2008,1995
IVZ,Invesco,Financials,"Atlanta, Georgia",21.08.2008,1935
INVH,Invitation Homes,Real Estate,"Dallas, Texas",19.09.2022,2012
IQV,IQVIA,Health Care,"Durham, North Carolina",29.08.2017,1982
IRM,Iron Mountain,Real Estate,"Boston, Massachusetts",06.01.2009,1951
JBHT,J.B. Hunt,Industrials,"Lowell, Arkansas",01.07.2015,1961
JKHY,Jack Henry & Associates,Information Technology,"Monett, Missouri",13.11.2018,1976
J,Jacobs Solutions,Industrials,"Dallas, Texas",26.10.2007,1947
JNJ,Johnson & Johnson,Health Care,"New Brunswick, New Jersey",30.06.1973,1886
JCI,Johnson Controls,Industrials,"Cork, Ireland",27.08.2010,1885
JPM,JPMorgan Chase,Financials,"New York City, New York",30.06.1975,2000 (1799 / 1871)
JNPR,Juniper Networks,Information Technology,"Sunnyvale, California",02.06.2006,1996
K,Kellogg's,Consumer Staples,"Battle Creek, Michigan",11.09.1989,1906
KDP,Keurig Dr Pepper,Consumer Staples,"Burlington, Massachusetts",21.06.2022,1981
KEY,KeyCorp,Financials,"Cleveland, Ohio",01.03.1994,1825
KEYS,Keysight,Information Technology,"Santa Rosa, California",06.11.2018,2014 (1939)
KMB,Kimberly-Clark,Consumer Staples,"Irving, Texas",04.03.1957,1872
KIM,Kimco Realty,Real Estate,"New Hyde Park, New York",04.04.2006,1958
KMI,Kinder Morgan,Energy,"Houston, Texas",25.05.2012,1997
KLAC,KLA Corporation,Information Technology,"Milpitas, California",,1975/1977 (1997)
KHC,Kraft Heinz,Consumer Staples,"Chicago, Illinois; Pittsburgh, Pennsylvania",06.07.2015,2015 (1869)
KR,Kroger,Consumer Staples,"Cincinnati, Ohio",04.03.1957,1883
LHX,L3Harris,Industrials,"Melbourne, Florida",22.09.2008,2019 (1895)
LH,LabCorp,Health Care,"Burlington, North Carolina",01.11.2004,1978
LRCX,Lam Research,Information Technology,"Fremont, California",29.06.2012,1980
LW,Lamb Weston,Consumer Staples,"Eagle, Idaho",03.12.2018,2016 (1950)
LVS,Las Vegas Sands,Consumer Discretionary,"Las Vegas, Nevada",03.10.2019,1988
LDOS,Leidos,Industrials,"Reston, Virginia",09.08.2019,1969
LEN,Lennar,Consumer Discretionary,"Miami, Florida",04.10.2005,1954
LNC,Lincoln Financial,Financials,"Radnor, Pennsylvania",30.06.1976,1905
LIN,Linde plc,Materials,"Guildford, United Kingdom",01.07.1992,1879
LYV,Live Nation Entertainment,Communication Services,"Beverly Hills, California",23.12.2019,2010
LKQ,LKQ Corporation,Consumer Discretionary,"Chicago, Illinois",23.05.2016,1998
LMT,Lockheed Martin,Industrials,"Bethesda, Maryland",31.07.1984,1995
L,Loews Corporation,Financials,"New York City, New York",,1959
LOW,Lowe's,Consumer Discretionary,"Mooresville, North Carolina",29.02.1984,1904/1946/1959
LUMN,Lumen Technologies,Communication Services,"Monroe, Louisiana",25.03.1999,1983 (1877)
LYB,LyondellBasell,Materials,"Rotterdam, Netherlands",05.09.2012,2007
MTB,M&T Bank,Financials,"Buffalo, New York",23.02.2004,1856
MRO,Marathon Oil,Energy,"Houston, Texas",01.05.1991,1887
MPC,Marathon Petroleum,Energy,"Findlay, Ohio",01.07.2011,2009 (1887)
MKTX,MarketAxess,Financials,"New York City, New York",01.07.2019,2000
MAR,Marriott International,Consumer Discretionary,"Bethesda, Maryland",,1927
MMC,Marsh McLennan,Financials,"New York City, New York",31.08.1987,1905
MLM,Martin Marietta Materials,Materials,"Raleigh, North Carolina",02.07.2014,1993
MAS,Masco,Industrials,"Livonia, Michigan",30.06.1981,1929
MA,Mastercard,Information Technology,"Harrison, New York",18.07.2008,1966
MTCH,Match Group,Communication Services,"Dallas, Texas",20.09.2021,1986
MKC,McCormick & Company,Consumer Staples,"Hunt Valley, Maryland",20.03.2003,1889
MCD,McDonald's,Consumer Discretionary,"Chicago, Illinois",30.06.1970,1940
MCK,McKesson,Health Care,"Irving, Texas",,1833
MDT,Medtronic,Health Care,"Dublin, Ireland",31.10.1986,1949
MRK,Merck & Co.,Health Care,"Kenilworth, New Jersey",04.03.1957,1891
META,Meta Platforms,Communication Services,"Menlo Park, California",23.12.2013,2004
MET,MetLife,Financials,"New York City, New York",,1868
MTD,Mettler Toledo,Health Care,"Columbus, Ohio",06.09.2016,1945
MGM,MGM Resorts,Consumer Discretionary,"Paradise, Nevada",26.07.2017,1986
MCHP,Microchip Technology,Information Technology,"Chandler, Arizona",07.09.2007,1989
MU,Micron Technology,Information Technology,"Boise, Idaho",27.09.1994,1978
MSFT,Microsoft,Information Technology,"Redmond, Washington",01.06.1994,1975
MAA,Mid-America Apartment Communities,Real Estate,"Memphis, Tennessee",02.12.2016,1977
MRNA,Moderna,Health Care,"Cambridge, Massachusetts",21.07.2021,2010
MHK,Mohawk Industries,Consumer Discretionary,"Calhoun, Georgia",23.12.2013,1878
MOH,Molina Healthcare,Health Care,"Long Beach, California",02.03.2022,1980
TAP,Molson Coors Beverage Company,Consumer Staples,"Chicago, Illinois",30.06.1976,"2005 (Molson 1786, Coors 1873)"
MDLZ,Mondelez International,Consumer Staples,"Chicago, Illinois",02.10.2012,2012
MPWR,Monolithic Power Systems,Information Technology,"Kirkland, Washington",12.02.2021,1997
MNST,Monster Beverage,Consumer Staples,"Corona, California",28.06.2012,2012 (1935)
MCO,Moody's Corporation,Financials,"New York City, New York",,1909
MS,Morgan Stanley,Financials,"New York City, New York",,1935
MOS,The Mosaic Company,Materials,"Tampa, Florida",26.09.2011,2004 (1865 / 1909)
MSI,Motorola Solutions,Information Technology,"Chicago, Illinois",,1928 (2011)
MSCI,MSCI,Financials,"New York City, New York",04.04.2018,1969
NDAQ,"Nasdaq, Inc.",Financials,"New York City, New York",22.10.2008,1971
NTAP,NetApp,Information Technology,"San Jose, California",25.06.1999,1992
NFLX,Netflix,Communication Services,"Los Gatos, California",20.12.2010,1997
NWL,Newell Brands,Consumer Discretionary,"Atlanta, Georgia",30.04.1989,1903
NEM,Newmont,Materials,"Denver, Colorado",30.06.1969,1921
NWSA,News Corp (Class A),Communication Services,"New York City, New York",01.08.2013,2013 (1980)
NWS,News Corp (Class B),Communication Services,"New York City, New York",18.09.2015,2013 (1980)
NEE,NextEra Energy,Utilities,"Juno Beach, Florida",30.06.1976,1984 (1925)
NKE,"Nike, Inc.",Consumer Discretionary,"Washington County, Oregon",30.11.1988,1964
NI,NiSource,Utilities,"Merrillville, Indiana",,1912
NDSN,Nordson Corporation,Industrials,"Westlake, Ohio",15.02.2022,1935
NSC,Norfolk Southern Railway,Industrials,"Norfolk, Virginia",04.03.1957,1881/1894 (1980)
NTRS,Northern Trust,Financials,"Chicago, Illinois",,1889
NOC,Northrop Grumman,Industrials,"West Falls Church, Virginia",30.06.1985,"1994 (Northrop 1939, Grumman 1930)"
NCLH,Norwegian Cruise Line Holdings,Consumer Discretionary,"Miami, Florida",13.10.2017,2011 (1966)
NRG,NRG Energy,Utilities,"Houston, Texas",29.01.2010,1992
NUE,Nucor,Materials,"Charlotte, North Carolina",30.04.1985,1940
NVDA,Nvidia,Information Technology,"Santa Clara, California",30.11.2001,1993
NVR,"NVR, Inc.",Consumer Discretionary,"Reston, Virginia",26.09.2019,1980
NXPI,NXP Semiconductors,Information Technology,"Eindhoven, Netherlands",22.03.2021,1953
ORLY,O'Reilly Auto Parts,Consumer Discretionary,"Springfield, Missouri",27.03.2009,1957
OXY,Occidental Petroleum,Energy,"Houston, Texas",31.12.1982,1920
ODFL,Old Dominion,Industrials,"Thomasville, North Carolina",09.12.2019,1934
OMC,Omnicom Group,Communication Services,"New York City, New York",,1986
ON,ON Semiconductor,Information Technology,"Phoenix, Arizona",21.06.2022,1999
OKE,Oneok,Energy,"Tulsa, Oklahoma",15.03.2010,1906
ORCL,Oracle Corporation,Information Technology,"Austin, Texas",31.08.1989,1977
OGN,Organon & Co.,Health Care,"Jersey City, New Jersey",03.06.2021,2021
OTIS,Otis Worldwide,Industrials,"Farmington, Connecticut",03.04.2020,2020 (1853)
PCAR,Paccar,Industrials,"Bellevue, Washington",31.12.1980,1905
PKG,Packaging Corporation of America,Materials,"Lake Forest, Illinois",26.07.2017,1959
PARA,Paramount Global,Communication Services,"New York City, New York",,2019 (1952)
PH,Parker Hannifin,Industrials,"Cleveland, Ohio",30.11.1985,1917
PAYX,Paychex,Information Technology,"Penfield, New York",,1971
PAYC,Paycom,Information Technology,"Oklahoma City, Oklahoma",28.01.2020,1998
PYPL,PayPal,Information Technology,"San Jose, California",20.07.2015,1998
PNR,Pentair,Industrials,"Worsley, United Kingdom",01.10.2012,1966
PEP,PepsiCo,Consumer Staples,"Purchase, New York",04.03.1957,1898
PKI,PerkinElmer,Health Care,"Waltham, Massachusetts",31.05.1985,1937
PFE,Pfizer,Health Care,"New York City, New York",04.03.1957,1849
PCG,PG&E,Utilities,"San Francisco, California",03.10.2022,1905
PM,Philip Morris International,Consumer Staples,"New York City, New York",31.03.2008,2008 (1847)
PSX,Phillips 66,Energy,"Houston, Texas",01.05.2012,2012 (1917)
PNW,Pinnacle West,Utilities,"Phoenix, Arizona",,1985
PXD,Pioneer Natural Resources,Energy,"Irving, Texas",24.09.2008,1997
PNC,PNC Financial Services,Financials,"Pittsburgh, Pennsylvania",30.04.1988,1845
POOL,Pool Corporation,Consumer Discretionary,"Covington, Louisiana",07.10.2020,1993
PPG,PPG Industries,Materials,"Pittsburgh, Pennsylvania",04.03.1957,1883
PPL,PPL Corporation,Utilities,"Allentown, Pennsylvania",,1920
PFG,Principal Financial Group,Financials,"Des Moines, Iowa",22.07.2002,1879
PG,Procter & Gamble,Consumer Staples,"Cincinnati, Ohio",04.03.1957,1837
PGR,Progressive Corporation,Financials,"Mayfield Village, Ohio",04.08.1997,1937
PLD,Prologis,Real Estate,"San Francisco, California",17.07.2003,1983
PRU,Prudential Financial,Financials,"Newark, New Jersey",22.07.2002,1875
PEG,Public Service Enterprise Group,Utilities,"Newark, New Jersey",04.03.1957,1903
PTC,PTC,Information Technology,"Boston, Massachusetts",20.04.2021,1985
PSA,Public Storage,Real Estate,"Glendale, California",19.08.2005,1972
PHM,PulteGroup,Consumer Discretionary,"Atlanta, Georgia",30.04.1984,1956
QRVO,Qorvo,Information Technology,"Greensboro, North Carolina",11.06.2015,2015
PWR,Quanta Services,Industrials,"Houston, Texas",01.07.2009,1997
QCOM,Qualcomm,Information Technology,"San Diego, California",,1985
DGX,Quest Diagnostics,Health Care,"Secaucus, New Jersey",12.12.2002,1967
RL,Ralph Lauren Corporation,Consumer Discretionary,"New York City, New York",02.02.2007,1967
RJF,Raymond James,Financials,"St. Petersburg, Florida",20.03.2017,1962
RTX,Raytheon Technologies,Industrials,"Waltham, Massachusetts",,1922
O,Realty Income,Real Estate,"San Diego, California",07.04.2015,1969
REG,Regency Centers,Real Estate,"Jacksonville, Florida",02.03.2017,1963
REGN,Regeneron,Health Care,"Tarrytown, New York",01.05.2013,1988
RF,Regions Financial Corporation,Financials,"Birmingham, Alabama",28.08.1998,1971
RSG,Republic Services,Industrials,"Phoenix, Arizona",05.12.2008,1998 (1981)
RMD,ResMed,Health Care,"San Diego, California",26.07.2017,1989
RHI,Robert Half,Industrials,"Menlo Park, California",05.12.2000,1948
ROK,Rockwell Automation,Industrials,"Milwaukee, Wisconsin",,1903
ROL,"Rollins, Inc.",Industrials,"Atlanta, Georgia",01.10.2018,1948
ROP,Roper Technologies,Information Technology,"Sarasota, Florida",23.12.2009,1981
ROST,Ross Stores,Consumer Discretionary,"Dublin, California",21.12.2009,1982
RCL,Royal Caribbean Group,Consumer Discretionary,"Miami, Florida",05.12.2014,1997
SPGI,S&P Global,Financials,"New York City, New York",,1917
CRM,Salesforce,Information Technology,"San Francisco, California",15.09.2008,1999
SBAC,SBA Communications,Real Estate,"Boca Raton, Florida",01.09.2017,1989
SLB,Schlumberger,Energy,"Curaçao, Kingdom of the Netherlands",31.03.1965,1926
STX,Seagate Technology,Information Technology,"Dublin, Ireland",02.07.2012,1979
SEE,Sealed Air,Materials,"Charlotte, North Carolina",04.03.1957,1960
SRE,Sempra Energy,Utilities,"San Diego, California",,1998
NOW,ServiceNow,Information Technology,"Santa Clara, California",21.11.2019,2003
SHW,Sherwin-Williams,Materials,"Cleveland, Ohio",30.06.1964,1866
SBNY,Signature Bank,Financials,"New York City, New York",20.12.2021,2001
SPG,Simon Property Group,Real Estate,"Indianapolis, Indiana",26.06.2002,2003
SWKS,Skyworks Solutions,Information Technology,"Irvine, California",12.03.2015,2002
SJM,The J.M. Smucker Company,Consumer Staples,"Orrville, Ohio",06.11.2008,1897
SNA,Snap-on,Industrials,"Kenosha, Wisconsin",30.09.1982,1920
SEDG,SolarEdge,Information Technology,"Herzliya, Israel",20.12.2021,2006
SO,Southern Company,Utilities,"Atlanta, Georgia",04.03.1957,1945
LUV,Southwest Airlines,Industrials,"Dallas, Texas",01.07.1994,1967
SWK,Stanley Black & Decker,Industrials,"New Britain, Connecticut",30.09.1982,1843
SBUX,Starbucks,Consumer Discretionary,"Seattle, Washington",07.06.2000,1971
STT,State Street Corporation,Financials,"Boston, Massachusetts",,1792
STE,Steris,Health Care,"Dublin, Ireland",23.12.2019,1985
SYK,Stryker Corporation,Health Care,"Kalamazoo, Michigan",12.12.2000,1941
SIVB,SVB Financial,Financials,"Santa Clara, California",19.03.2018,1983
SYF,Synchrony Financial,Financials,"Stamford, Connecticut",18.11.2015,2003
SNPS,Synopsys,Information Technology,"Mountain View, California",16.03.2017,1986
SYY,Sysco,Consumer Staples,"Houston, Texas",31.12.1986,1969
TMUS,T-Mobile US,Communication Services,"Bellevue, Washington",15.07.2019,1994
TROW,T. Rowe Price,Financials,"Baltimore, Maryland",,1937
TTWO,Take-Two Interactive,Communication Services,"New York City, New York",19.03.2018,1993
TPR,"Tapestry, Inc.",Consumer Discretionary,"New York City, New York",,2017
TRGP,Targa Resources,Energy,"Houston, Texas",12.10.2022,2005
TGT,Target Corporation,Consumer Discretionary,"Minneapolis, Minnesota",31.12.1976,1902
TEL,TE Connectivity,Information Technology,"Schaffhausen, Switzerland",17.10.2011,2007
TDY,Teledyne Technologies,Information Technology,"Thousand Oaks, California",22.06.2020,1960
TFX,Teleflex,Health Care,"Wayne, Pennsylvania",18.01.2019,1943
TER,Teradyne,Information Technology,"North Reading, Massachusetts",21.09.2020,1960
TSLA,"Tesla, Inc.",Consumer Discretionary,"Austin, Texas",21.12.2020,2003
TXN,Texas Instruments,Information Technology,"Dallas, Texas",,1930
TXT,Textron,Industrials,"Providence, Rhode Island",31.12.1978,1923
TMO,Thermo Fisher Scientific,Health Care,"Waltham, Massachusetts",03.08.2004,2006 (1902)
TJX,TJX Companies,Consumer Discretionary,"Framingham, Massachusetts",30.09.1985,1987
TSCO,Tractor Supply,Consumer Discretionary,"Brentwood, Tennessee",24.01.2014,1938
TT,Trane Technologies,Industrials,"Dublin, Ireland",17.11.2010,1871
TDG,TransDigm Group,Industrials,"Cleveland, Ohio",03.06.2016,1993
TRV,The Travelers Companies,Financials,"New York City, New York",21.08.2002,1853
TRMB,Trimble Inc.,Information Technology,"Westminster, Colorado",21.01.2021,1978
TFC,Truist,Financials,"Charlotte, North Carolina",04.12.1997,1872
TYL,Tyler Technologies,Information Technology,"Plano, Texas",22.06.2020,1966
TSN,Tyson Foods,Consumer Staples,"Springdale, Arkansas",10.08.2005,1935
USB,U.S. Bank,Financials,"Minneapolis, Minnesota",,1968
UDR,"UDR, Inc.",Real Estate,"Highlands Ranch, Colorado",07.03.2016,1972
ULTA,Ulta Beauty,Consumer Discretionary,"Bolingbrook, Illinois",18.04.2016,1990
UNP,Union Pacific Corporation,Industrials,"Omaha, Nebraska",04.03.1957,1862
UAL,United Airlines Holdings,Industrials,"Chicago, Illinois",03.09.2015,1967
UPS,United Parcel Service,Industrials,"Sandy Springs, Georgia",22.07.2002,1907
URI,United Rentals,Industrials,"Stamford, Connecticut",20.09.2014,1997
UNH,UnitedHealth Group,Health Care,"Minnetonka, Minnesota",01.07.1994,1977
UHS,Universal Health Services,Health Care,"King of Prussia, Pennsylvania",20.09.2014,1979
VLO,Valero Energy,Energy,"San Antonio, Texas",,1980
VTR,Ventas,Real Estate,"Chicago, Illinois",04.03.2009,1998
VRSN,Verisign,Information Technology,"Dulles, Virginia",01.02.2006,1995
VRSK,Verisk,Industrials,"Jersey City, New Jersey",08.10.2015,1971
VZ,Verizon,Communication Services,"New York City, New York",30.11.1983,1983 (1877)
VRTX,Vertex Pharmaceuticals,Health Care,"Cambridge, Massachusetts",23.09.2013,1989
VFC,VF Corporation,Consumer Discretionary,"Denver, Colorado",30.06.1979,1899
VTRS,Viatris,Health Care,"Pittsburgh, Pennsylvania",23.04.2004,1961
VICI,Vici Properties,Real Estate,"New York City, New York",08.06.2022,2017
V,Visa Inc.,Information Technology,"San Francisco, California",21.12.2009,1958
VNO,Vornado Realty Trust,Real Estate,"New York City, New York",2005,1982
VMC,Vulcan Materials Company,Materials,"Birmingham, Alabama",30.06.1999,1909
WAB,Wabtec,Industrials,"Pittsburgh, Pennsylvania",27.02.2019,1999 (1869)
WBA,Walgreens Boots Alliance,Consumer Staples,"Deerfield, Illinois",31.12.1979,2014
WMT,Walmart,Consumer Staples,"Bentonville, Arkansas",31.08.1982,1962
WBD,Warner Bros. Discovery,Communication Services,"New York City, New York",11.04.2022,2022
WM,Waste Management,Industrials,"Houston, Texas",,1968
WAT,Waters Corporation,Health Care,"Milford, Massachusetts",,1958
WEC,WEC Energy Group,Utilities,"Milwaukee, Wisconsin",31.10.2008,1896
WFC,Wells Fargo,Financials,"San Francisco, California",30.06.1976,1852
WELL,Welltower,Real Estate,"Toledo, Ohio",30.01.2009,1970
WST,West Pharmaceutical Services,Health Care,"Exton, Pennsylvania",22.05.2020,1923
WDC,Western Digital,Information Technology,"San Jose, California",01.07.2009,1970
WRK,WestRock,Materials,"Atlanta, Georgia",,2015
WY,Weyerhaeuser,Real Estate,"Seattle, Washington",,1900
WHR,Whirlpool Corporation,Consumer Discretionary,"Benton Harbor, Michigan",,1911
WMB,Williams Companies,Energy,"Tulsa, Oklahoma",31.03.1975,1908
WTW,Willis Towers Watson,Financials,"London, United Kingdom",05.01.2016,2016
GWW,W. W. Grainger,Industrials,"Lake Forest, Illinois",30.06.1981,1927
WYNN,Wynn Resorts,Consumer Discretionary,"Paradise, Nevada",14.11.2008,2002
XEL,Xcel Energy,Utilities,"Minneapolis, Minnesota",04.03.1957,1909
XYL,Xylem Inc.,Industrials,"White Plains, New York",01.11.2011,2011
YUM,Yum! Brands,Consumer Discretionary,"Louisville, Kentucky",06.10.1997,1997
ZBRA,Zebra Technologies,Information Technology,"Lincolnshire, Illinois",23.12.2019,1969
ZBH,Zimmer Biomet,Health Care,"Warsaw, Indiana",07.08.2001,1927
ZION,Zions Bancorporation,Financials,"Salt Lake City, Utah",22.06.2001,1873
ZTS,Zoetis,Health Care,"Parsippany, New Jersey",21.06.2013,1952